{
  "_fv": 79,
  "_type": "procedure",
  "definition": {
    "procedurexml": "<xml xmlns=\"https://developers.google.com/blockly/xml\"><variables><variable type=\"File\" id=\"file\">file</variable><variable type=\"String\" id=\"filename\">filename</variable><variable type=\"String\" id=\"StringReturn\">StringReturn</variable><variable type=\"JsonObject\" id=\"json\">json</variable></variables><block type=\"event_trigger\" deletable=\"false\" x=\"40\" y=\"40\"><field name=\"trigger\">no_ext_trigger</field><next><block type=\"variables_set_string\"><mutation xmlns=\"http://www.w3.org/1999/xhtml\" is_player_var=\"false\" has_entity=\"false\"></mutation><field name=\"VAR\">local:filename</field><value name=\"VAL\"><block type=\"text_join\"><mutation items=\"2\"></mutation><value name=\"ADD0\"><block type=\"getchunk\"><value name=\"locationX\"><block type=\"coord_x\"></block></value><value name=\"locationZ\"><block type=\"coord_z\"></block></value></block></value><value name=\"ADD1\"><block type=\"text\"><field name=\"TEXT\">.json</field></block></value></block></value><next><block type=\"variables_set_file\"><mutation xmlns=\"http://www.w3.org/1999/xhtml\" is_player_var=\"false\" has_entity=\"false\"></mutation><field name=\"VAR\">local:file</field><value name=\"VAL\"><block type=\"file_variable\"><mutation xmlns=\"http://www.w3.org/1999/xhtml\" is_player_var=\"false\" has_entity=\"false\"></mutation><field name=\"VAR\">local:file</field><value name=\"name\"><block type=\"variables_get_string\"><mutation xmlns=\"http://www.w3.org/1999/xhtml\" is_player_var=\"false\" has_entity=\"false\"></mutation><field name=\"VAR\">local:filename</field></block></value><value name=\"location\"><block type=\"text_join\"><mutation items=\"6\"></mutation><value name=\"ADD0\"><block type=\"get_game_directory\"></block></value><value name=\"ADD1\"><block type=\"text\"><field name=\"TEXT\">/</field></block></value><value name=\"ADD2\"><block type=\"text\"><field name=\"TEXT\">erinium_faction</field></block></value><value name=\"ADD3\"><block type=\"text\"><field name=\"TEXT\">/</field></block></value><value name=\"ADD4\"><block type=\"text\"><field name=\"TEXT\">faction/chunks/</field></block></value><value name=\"ADD5\"><block type=\"getregion\"><value name=\"positionX\"><block type=\"coord_x\"></block></value><value name=\"positionZ\"><block type=\"coord_z\"></block></value></block></value></block></value></block></value><next><block type=\"controls_if\"><value name=\"IF0\"><block type=\"file_exists\"><mutation xmlns=\"http://www.w3.org/1999/xhtml\" is_player_var=\"false\" has_entity=\"false\"></mutation><field name=\"VAR\">local:file</field></block></value><statement name=\"DO0\"><block type=\"read_json\"><mutation xmlns=\"http://www.w3.org/1999/xhtml\" is_player_var=\"false\" has_entity=\"false\"></mutation><field name=\"VAR\">local:file</field><field name=\"JOBJVAR\">local:json</field><statement name=\"values\"><block type=\"variables_set_string\"><mutation xmlns=\"http://www.w3.org/1999/xhtml\" is_player_var=\"false\" has_entity=\"false\"></mutation><field name=\"VAR\">local:StringReturn</field><value name=\"VAL\"><block type=\"get_json_text\"><mutation xmlns=\"http://www.w3.org/1999/xhtml\" is_player_var=\"false\" has_entity=\"false\"></mutation><field name=\"VAR\">local:json</field><value name=\"name\"><block type=\"text\"><field name=\"TEXT\">id</field></block></value></block></value></block></statement><next><block type=\"return_string\"><value name=\"return\"><block type=\"variables_get_string\"><mutation xmlns=\"http://www.w3.org/1999/xhtml\" is_player_var=\"false\" has_entity=\"false\"></mutation><field name=\"VAR\">local:StringReturn</field></block></value></block></next></block></statement><next><block type=\"return_string\"><value name=\"return\"><block type=\"text\"><field name=\"TEXT\">wilderness</field></block></value></block></next></block></next></block></next></block></next></block><block type=\"return_file\" x=\"1372\" y=\"248\"><value name=\"return\"><block type=\"variables_get_file\"><mutation xmlns=\"http://www.w3.org/1999/xhtml\" is_player_var=\"false\" has_entity=\"false\"></mutation><field name=\"VAR\">local:file</field></block></value></block><block type=\"getregion\" x=\"36\" y=\"2513\"><value name=\"positionX\"><block type=\"math_number\"><field name=\"NUM\">0</field></block></value><value name=\"positionZ\"><block type=\"math_number\"><field name=\"NUM\">0</field></block></value></block><block type=\"variables_get_string\" x=\"36\" y=\"2560\"><mutation xmlns=\"http://www.w3.org/1999/xhtml\" is_player_var=\"false\" has_entity=\"false\"></mutation><field name=\"VAR\">local:StringReturn</field></block><block type=\"variables_get_string\" x=\"36\" y=\"2597\"><mutation xmlns=\"http://www.w3.org/1999/xhtml\" is_player_var=\"false\" has_entity=\"false\"></mutation><field name=\"VAR\">local:StringReturn</field></block><block type=\"variables_get_string\" x=\"36\" y=\"2634\"><mutation xmlns=\"http://www.w3.org/1999/xhtml\" is_player_var=\"false\" has_entity=\"false\"></mutation><field name=\"VAR\">local:StringReturn</field></block></xml>",
    "skipDependencyNullCheck": false
  }
}