{
  "_fv": 79,
  "_type": "procedure",
  "definition": {
    "procedurexml": "<xml xmlns=\"https://developers.google.com/blockly/xml\"><variables><variable type=\"String\" id=\"filename\">filename</variable><variable type=\"File\" id=\"file\">file</variable></variables><block type=\"event_trigger\" deletable=\"false\" x=\"40\" y=\"40\"><field name=\"trigger\">no_ext_trigger</field><next><block type=\"variables_set_string\"><mutation xmlns=\"http://www.w3.org/1999/xhtml\" is_player_var=\"false\" has_entity=\"false\"></mutation><field name=\"VAR\">local:filename</field><value name=\"VAL\"><block type=\"text_join\"><mutation items=\"2\"></mutation><value name=\"ADD0\"><block type=\"custom_dependency_string\"><field name=\"NAME\">name</field></block></value><value name=\"ADD1\"><block type=\"text\"><field name=\"TEXT\">.json</field></block></value></block></value><next><block type=\"variables_set_file\"><mutation xmlns=\"http://www.w3.org/1999/xhtml\" is_player_var=\"false\" has_entity=\"false\"></mutation><field name=\"VAR\">local:file</field><value name=\"VAL\"><block type=\"file_variable\"><mutation xmlns=\"http://www.w3.org/1999/xhtml\" is_player_var=\"false\" has_entity=\"false\"></mutation><field name=\"VAR\">local:file</field><value name=\"name\"><block type=\"variables_get_string\"><mutation xmlns=\"http://www.w3.org/1999/xhtml\" is_player_var=\"false\" has_entity=\"false\"></mutation><field name=\"VAR\">local:filename</field></block></value><value name=\"location\"><block type=\"text_join\"><mutation items=\"5\"></mutation><value name=\"ADD0\"><block type=\"get_game_directory\"></block></value><value name=\"ADD1\"><block type=\"text\"><field name=\"TEXT\">/</field></block></value><value name=\"ADD2\"><block type=\"text\"><field name=\"TEXT\">erinium_faction</field></block></value><value name=\"ADD3\"><block type=\"text\"><field name=\"TEXT\">/</field></block></value><value name=\"ADD4\"><block type=\"text\"><field name=\"TEXT\">faction/factions</field></block></value></block></value></block></value><next><block type=\"return_file\"><value name=\"return\"><block type=\"variables_get_file\"><mutation xmlns=\"http://www.w3.org/1999/xhtml\" is_player_var=\"false\" has_entity=\"false\"></mutation><field name=\"VAR\">local:file</field></block></value></block></next></block></next></block></next></block></xml>",
    "skipDependencyNullCheck": false
  }
}