{
  "_fv": 79,
  "_type": "procedure",
  "definition": {
    "procedurexml": "<xml xmlns=\"https://developers.google.com/blockly/xml\"><variables><variable type=\"File\" id=\"file\">file</variable><variable type=\"JsonObject\" id=\"json\">json</variable></variables><block type=\"event_trigger\" deletable=\"false\" x=\"40\" y=\"40\"><field name=\"trigger\">player_log_in</field><next><block type=\"variables_set_file\"><mutation xmlns=\"http://www.w3.org/1999/xhtml\" is_player_var=\"false\" has_entity=\"false\"></mutation><field name=\"VAR\">local:file</field><value name=\"VAL\"><block type=\"procedure_retval_file\"><mutation xmlns=\"http://www.w3.org/1999/xhtml\" inputs=\"3\"></mutation><field name=\"procedure\">FilePathServer</field><field name=\"name0\">name</field><field name=\"name1\">root</field><field name=\"name2\">extrapath</field><value name=\"arg0\"><block type=\"text\"><field name=\"TEXT\">faction-settings</field></block></value><value name=\"arg1\"><block type=\"text\"><field name=\"TEXT\">erinium_faction</field></block></value><value name=\"arg2\"><block type=\"text\"><field name=\"TEXT\">faction</field></block></value></block></value><next><block type=\"controls_if\"><value name=\"IF0\"><block type=\"logic_negate\"><value name=\"BOOL\"><block type=\"file_exists\"><mutation xmlns=\"http://www.w3.org/1999/xhtml\" is_player_var=\"false\" has_entity=\"false\"></mutation><field name=\"VAR\">local:file</field></block></value></block></value><statement name=\"DO0\"><block type=\"create_file\"><mutation xmlns=\"http://www.w3.org/1999/xhtml\" is_player_var=\"false\" has_entity=\"false\"></mutation><field name=\"VAR\">local:file</field><next><block type=\"add_json_property\"><field name=\"JOBJVAR\">local:json</field><value name=\"name\"><block type=\"text\"><field name=\"TEXT\">faction.cost.item</field></block></value><value name=\"value\"><block type=\"item_registry_name\"><value name=\"item\"><block type=\"mcitem_all\"><field name=\"value\">Items.DIAMOND</field></block></value></block></value><next><block type=\"add_json_property\"><field name=\"JOBJVAR\">local:json</field><value name=\"name\"><block type=\"text\"><field name=\"TEXT\">faction.cost.number</field></block></value><value name=\"value\"><block type=\"math_number\"><field name=\"NUM\">100</field></block></value><next><block type=\"add_json_property\"><field name=\"JOBJVAR\">local:json</field><value name=\"name\"><block type=\"text\"><field name=\"TEXT\">faction.faction.powerperplayer</field></block></value><value name=\"value\"><block type=\"math_number\"><field name=\"NUM\">10</field></block></value><next><block type=\"add_json_property\"><field name=\"JOBJVAR\">local:json</field><value name=\"name\"><block type=\"text\"><field name=\"TEXT\">faction.faction.defaultmaxplayer</field></block></value><value name=\"value\"><block type=\"math_number\"><field name=\"NUM\">10</field></block></value><next><block type=\"add_json_property\"><field name=\"JOBJVAR\">local:json</field><value name=\"name\"><block type=\"text\"><field name=\"TEXT\">faction.faction.defaultmaxwarp</field></block></value><value name=\"value\"><block type=\"math_number\"><field name=\"NUM\">1</field></block></value><next><block type=\"write_json\"><mutation xmlns=\"http://www.w3.org/1999/xhtml\" is_player_var=\"false\" has_entity=\"false\"></mutation><field name=\"JOBJVAR\">local:json</field><field name=\"VAR\">local:file</field></block></next></block></next></block></next></block></next></block></next></block></next></block></statement><next><block type=\"controls_if\"><value name=\"IF0\"><block type=\"text_is_empty\"><value name=\"text\"><block type=\"variables_get_string\"><mutation xmlns=\"http://www.w3.org/1999/xhtml\" is_player_var=\"true\" has_entity=\"true\"></mutation><field name=\"VAR\">global:faction</field><value name=\"entity\"><block type=\"entity_from_deps\"></block></value></block></value></block></value><statement name=\"DO0\"><block type=\"variables_set_string\"><mutation xmlns=\"http://www.w3.org/1999/xhtml\" is_player_var=\"true\" has_entity=\"true\"></mutation><field name=\"VAR\">global:faction</field><value name=\"VAL\"><block type=\"text\"><field name=\"TEXT\">wilderness</field></block></value><value name=\"entity\"><block type=\"entity_from_deps\"></block></value></block></statement></block></next></block></next></block></next></block></xml>",
    "skipDependencyNullCheck": false
  }
}